{
  "hash": "bf2682bf",
  "configHash": "8841080c",
  "lockfileHash": "24ba073c",
  "browserHash": "3ed3aeba",
  "optimized": {
    "@angular/common": {
      "src": "../../../../../node_modules/@angular/common/fesm2022/common.mjs",
      "file": "@angular_common.js",
      "fileHash": "1d9cb6f4",
      "needsInterop": false
    },
    "@angular/common/http": {
      "src": "../../../../../node_modules/@angular/common/fesm2022/http.mjs",
      "file": "@angular_common_http.js",
      "fileHash": "13c416ef",
      "needsInterop": false
    },
    "@angular/core": {
      "src": "../../../../../node_modules/@angular/core/fesm2022/core.mjs",
      "file": "@angular_core.js",
      "fileHash": "d012de84",
      "needsInterop": false
    },
    "@angular/platform-browser": {
      "src": "../../../../../node_modules/@angular/platform-browser/fesm2022/platform-browser.mjs",
      "file": "@angular_platform-browser.js",
      "fileHash": "71c18d1b",
      "needsInterop": false
    },
    "@angular/router": {
      "src": "../../../../../node_modules/@angular/router/fesm2022/router.mjs",
      "file": "@angular_router.js",
      "fileHash": "7ad817da",
      "needsInterop": false
    }
  },
  "chunks": {
    "chunk-OIAT4AAJ": {
      "file": "chunk-OIAT4AAJ.js"
    },
    "chunk-WOEBVTQI": {
      "file": "chunk-WOEBVTQI.js"
    },
    "chunk-L22JU2LC": {
      "file": "chunk-L22JU2LC.js"
    },
    "chunk-JNM7CA4Q": {
      "file": "chunk-JNM7CA4Q.js"
    }
  }
}